亞,亜
惡,悪
壓,圧
圍,囲
醫,医
爲,為
壹,壱
逸,逸
隱,隠
榮,栄
營,営
衞,衛
驛,駅
謁,謁
圓,円
鹽,塩
緣,縁
艷,艶
應,応
歐,欧
毆,殴
櫻,桜
奧,奥
橫,横
溫,温
穩,穏
假,仮
價,価
禍,禍
畫,画
會,会
悔,悔
海,海
繪,絵
壞,壊
懷,懐
慨,慨
槪,概
擴,拡
殼,殻
覺,覚
學,学
嶽,岳
樂,楽
喝,喝
渴,渇
褐,褐
罐,缶
卷,巻
陷,陥
勸,勧
寬,寛
漢,漢
關,関
歡,歓
觀,観
氣,気
祈,祈
既,既
歸,帰
龜,亀
器,器
僞,偽
戲,戯
犧,犠
舊,旧
據,拠
擧,挙
虛,虚
峽,峡
挾,挟
狹,狭
鄕,郷
響,響
曉,暁
勤,勤
謹,謹
區,区
驅,駆
勳,勲
薰,薫
徑,径
莖,茎
惠,恵
揭,掲
溪,渓
經,経
螢,蛍
輕,軽
繼,継
鷄,鶏
藝,芸
擊,撃
缺,欠
硏,研
縣,県
儉,倹
劍,剣
險,険
圈,圏
檢,検
獻,献
權,権
顯,顕
驗,験
嚴,厳
廣,広
效,効
恆,恒
黃,黄
鑛,鉱
號,号
國,国
黑,黒
穀,穀
碎,砕
濟,済
齋,斎
劑,剤
殺,殺
雜,雑
參,参
棧,桟
蠶,蚕
慘,惨
贊,賛
殘,残
絲,糸
祉,祉
視,視
齒,歯
兒,児
辭,辞
濕,湿
實,実
寫,写
社,社
者,者
煮,煮
釋,釈
壽,寿
收,収
臭,臭
從,従
澁,渋
獸,獣
縱,縦
祝,祝
肅,粛
處,処
暑,暑
署,署
緖,緒
諸,諸
敍,叙
將,将
祥,祥
稱,称
涉,渉
燒,焼
證,証
奬,奨
條,条
狀,状
乘,乗
淨,浄
剩,剰
疊,畳
繩,縄
壤,壌
孃,嬢
讓,譲
釀,醸
觸,触
囑,嘱
神,神
眞,真
寢,寝
愼,慎
盡,尽
圖,図
粹,粋
醉,酔
穗,穂
隨,随
髓,髄
樞,枢
數,数
瀨,瀬
聲,声
齊,斉
靜,静
竊,窃
攝,摂
節,節
專,専
淺,浅
戰,戦
踐,践
錢,銭
潛,潜
纖,繊
禪,禅
祖,祖
雙,双
壯,壮
爭,争
莊,荘
搜,捜
插,挿
巢,巣
曾,曽
瘦,痩
裝,装
僧,僧
層,層
總,総
騷,騒
增,増
憎,憎
藏,蔵
贈,贈
臟,臓
卽,即
屬,属
續,続
墮,堕
對,対
體,体
帶,帯
滯,滞
臺,台
瀧,滝
擇,択
澤,沢
擔,担
單,単
膽,胆
嘆,嘆
團,団
斷,断
彈,弾
遲,遅
癡,痴
蟲,虫
晝,昼
鑄,鋳
著,著
廳,庁
徵,徴
聽,聴
懲,懲
敕,勅
鎭,鎮
塚,塚
遞,逓
鐵,鉄
點,点
轉,転
傳,伝
都,都
燈,灯
當,当
黨,党
盜,盗
稻,稲
鬭,闘
德,徳
獨,独
讀,読
突,突
屆,届
難,難
貳,弐
惱,悩
腦,脳
霸,覇
拜,拝
廢,廃
賣,売
梅,梅
麥,麦
發,発
髮,髪
拔,抜
繁,繁
晚,晩
蠻,蛮
卑,卑
祕,秘
碑,碑
濱,浜
賓,賓
頻,頻
敏,敏
甁,瓶
侮,侮
福,福
拂,払
佛,仏
倂,併
竝,並
塀,塀
餠,餅
邊,辺
變,変
辯,弁
瓣,弁
辨,弁
勉,勉
步,歩
寶,宝
豐,豊
襃,褒
墨,墨
飜,翻
每,毎
萬,万
滿,満
免,免
麵,麺
默,黙
彌,弥
譯,訳
藥,薬
與,与
豫,予
餘,余
譽,誉
搖,揺
樣,様
謠,謡
來,来
賴,頼
亂,乱
覽,覧
欄,欄
龍,竜
隆,隆
虜,虜
兩,両
獵,猟
綠,緑
淚,涙
壘,塁
類,類
禮,礼
勵,励
戾,戻
靈,霊
齡,齢
曆,暦
歷,歴
戀,恋
練,練
鍊,錬
爐,炉
勞,労
郞,郎
朗,朗
廊,廊
樓,楼
錄,録
灣,湾
亜,['亞']
悪,['惡']
圧,['壓']
囲,['圍']
医,['醫']
為,['爲']
壱,['壹']
逸,['逸']
隠,['隱']
栄,['榮']
営,['營']
衛,['衞']
駅,['驛']
謁,['謁']
円,['圓']
塩,['鹽']
縁,['緣']
艶,['艷']
応,['應']
欧,['歐']
殴,['毆']
桜,['櫻']
奥,['奧']
横,['橫']
温,['溫']
穏,['穩']
仮,['假']
価,['價']
禍,['禍']
画,['畫']
会,['會']
悔,['悔']
海,['海']
絵,['繪']
壊,['壞']
懐,['懷']
慨,['慨']
概,['槪']
拡,['擴']
殻,['殼']
覚,['覺']
学,['學']
岳,['嶽']
楽,['樂']
喝,['喝']
渇,['渴']
褐,['褐']
缶,['罐']
巻,['卷']
陥,['陷']
勧,['勸']
寛,['寬']
漢,['漢']
関,['關']
歓,['歡']
観,['觀']
気,['氣']
祈,['祈']
既,['既']
帰,['歸']
亀,['龜']
器,['器']
偽,['僞']
戯,['戲']
犠,['犧']
旧,['舊']
拠,['據']
挙,['擧']
虚,['虛']
峡,['峽']
挟,['挾']
狭,['狹']
郷,['鄕']
響,['響']
暁,['曉']
勤,['勤']
謹,['謹']
区,['區']
駆,['驅']
勲,['勳']
薫,['薰']
径,['徑']
茎,['莖']
恵,['惠']
掲,['揭']
渓,['溪']
経,['經']
蛍,['螢']
軽,['輕']
継,['繼']
鶏,['鷄']
芸,['藝']
撃,['擊']
欠,['缺']
研,['硏']
県,['縣']
倹,['儉']
剣,['劍']
険,['險']
圏,['圈']
検,['檢']
献,['獻']
権,['權']
顕,['顯']
験,['驗']
厳,['嚴']
広,['廣']
効,['效']
恒,['恆']
黄,['黃']
鉱,['鑛']
号,['號']
国,['國']
黒,['黑']
穀,['穀']
砕,['碎']
済,['濟']
斎,['齋']
剤,['劑']
殺,['殺']
雑,['雜']
参,['參']
桟,['棧']
蚕,['蠶']
惨,['慘']
賛,['贊']
残,['殘']
糸,['絲']
祉,['祉']
視,['視']
歯,['齒']
児,['兒']
辞,['辭']
湿,['濕']
実,['實']
写,['寫']
社,['社']
者,['者']
煮,['煮']
釈,['釋']
寿,['壽']
収,['收']
臭,['臭']
従,['從']
渋,['澁']
獣,['獸']
縦,['縱']
祝,['祝']
粛,['肅']
処,['處']
暑,['暑']
署,['署']
緒,['緖']
諸,['諸']
叙,['敍']
将,['將']
祥,['祥']
称,['稱']
渉,['涉']
焼,['燒']
証,['證']
奨,['奬']
条,['條']
状,['狀']
乗,['乘']
浄,['淨']
剰,['剩']
畳,['疊']
縄,['繩']
壌,['壤']
嬢,['孃']
譲,['讓']
醸,['釀']
触,['觸']
嘱,['囑']
神,['神']
真,['眞']
寝,['寢']
慎,['愼']
尽,['盡']
図,['圖']
粋,['粹']
酔,['醉']
穂,['穗']
随,['隨']
髄,['髓']
枢,['樞']
数,['數']
瀬,['瀨']
声,['聲']
斉,['齊']
静,['靜']
窃,['竊']
摂,['攝']
節,['節']
専,['專']
浅,['淺']
戦,['戰']
践,['踐']
銭,['錢']
潜,['潛']
繊,['纖']
禅,['禪']
祖,['祖']
双,['雙']
壮,['壯']
争,['爭']
荘,['莊']
捜,['搜']
挿,['插']
巣,['巢']
曽,['曾']
痩,['瘦']
装,['裝']
僧,['僧']
層,['層']
総,['總']
騒,['騷']
増,['增']
憎,['憎']
蔵,['藏']
贈,['贈']
臓,['臟']
即,['卽']
属,['屬']
続,['續']
堕,['墮']
対,['對']
体,['體']
帯,['帶']
滞,['滯']
台,['臺']
滝,['瀧']
択,['擇']
沢,['澤']
担,['擔']
単,['單']
胆,['膽']
嘆,['嘆']
団,['團']
断,['斷']
弾,['彈']
遅,['遲']
痴,['癡']
虫,['蟲']
昼,['晝']
鋳,['鑄']
著,['著']
庁,['廳']
徴,['徵']
聴,['聽']
懲,['懲']
勅,['敕']
鎮,['鎭']
塚,['塚']
逓,['遞']
鉄,['鐵']
点,['點']
転,['轉']
伝,['傳']
都,['都']
灯,['燈']
当,['當']
党,['黨']
盗,['盜']
稲,['稻']
闘,['鬭']
徳,['德']
独,['獨']
読,['讀']
突,['突']
届,['屆']
難,['難']
弐,['貳']
悩,['惱']
脳,['腦']
覇,['霸']
拝,['拜']
廃,['廢']
売,['賣']
梅,['梅']
麦,['麥']
発,['發']
髪,['髮']
抜,['拔']
繁,['繁']
晩,['晚']
蛮,['蠻']
卑,['卑']
秘,['祕']
碑,['碑']
浜,['濱']
賓,['賓']
頻,['頻']
敏,['敏']
瓶,['甁']
侮,['侮']
福,['福']
払,['拂']
仏,['佛']
併,['倂']
並,['竝']
塀,['塀']
餅,['餠']
辺,['邊']
変,['變']
弁,"['辯', '瓣', '辨']"
勉,['勉']
歩,['步']
宝,['寶']
豊,['豐']
褒,['襃']
墨,['墨']
翻,['飜']
毎,['每']
万,['萬']
満,['滿']
免,['免']
麺,['麵']
黙,['默']
弥,['彌']
訳,['譯']
薬,['藥']
与,['與']
予,['豫']
余,['餘']
誉,['譽']
揺,['搖']
様,['樣']
謡,['謠']
来,['來']
頼,['賴']
乱,['亂']
覧,['覽']
欄,['欄']
竜,['龍']
隆,['隆']
虜,['虜']
両,['兩']
猟,['獵']
緑,['綠']
涙,['淚']
塁,['壘']
類,['類']
礼,['禮']
励,['勵']
戻,['戾']
霊,['靈']
齢,['齡']
暦,['曆']
歴,['歷']
恋,['戀']
練,['練']
錬,['鍊']
炉,['爐']
労,['勞']
郎,['郞']
朗,['朗']
廊,['廊']
楼,['樓']
録,['錄']
湾,['灣']
